Workbook

Sheet Leia-me
A1: Resultados numéricos: micromalha (15 × 15) × macromalha (5 × 5) — artigo MAIN, Seção 5.7
A3: Referência (Fina): média e desvio-padrão da pressão das 1000 soluções na micromalha, com média nas 3 × 3 células finas de cada célula grossa.
A4: Ensembles grossos (macromalha, 5 × 5, TPFA com tensor diagonal):
A5: Sem compressão: tensores equivalentes de cada uma das 1000 realizações (isola o erro do upscaling).
A6: DA 25 indep.: execução de produção, 25 realizações grossas amostradas célula a célula de forma independente.
A7: DA 1000 indep.: 1000 realizações amostradas da mesma forma.
A8: DA 1000 cópula: 1000 realizações amostradas dos mesmos valores representativos com cópula gaussiana (Kxx e Kyy de todas as células).
A9: Erro absoluto = grosso − fino (unidades da queda de pressão imposta, que vale 1). Erro relativo = |erro| / |fino|.
A10: Macrocélula (i, j), como nos eixos das Figuras 7 e 8: i = índice na direção x (i = 0 à esquerda), j = índice na direção y (j = 0 embaixo); centro em x = 3i + 1,5 m, y = 3j + 1,5 m.
A11: Problema 1: u = 1 à esquerda, u = 0 à direita, sem fluxo em cima e embaixo. Problema 2: u = 1 embaixo, u = 0 à esquerda, sem fluxo à direita e em cima. Problema 3: u = 1 à esquerda, u = 0 nas outras três faces.
A12: Os valores dos campos (colunas azuis) vêm de main_flow.py (arquivo main_flow_fields.pkl); os erros e o resumo são fórmulas e se recalculam.
A13: O piso amostral (duas metades de 500 realizações finas comparadas entre si) está na aba Resumo, copiado de main_flow.json.

Sheet Resumo
A1: Problema | B1: Estatística | C1: Ensemble grosso | D1: Erro abs. máx. | E1: Erro abs. médio | F1: Erro rel. máx. | G1: Erro rel. médio | H1: Erro L2 relativo | I1: R2
A2: P1 | B2: média | C2: Sem compressão | D2: =MAX(MAX('P1 média'!J2:J26),-MIN('P1 média'!J2:J26)) -> 0.0044386395 | E2: =SUMPRODUCT(ABS('P1 média'!J2:J26))/25 -> 0.0021958589 | F2: =MAX('P1 média'!N2:N26) -> 0.039597897 | G2: =AVERAGE('P1 média'!N2:N26) -> 0.0091062265 | H2: =SQRT(SUMSQ('P1 média'!J2:J26))/SQRT(SUMSQ('P1 média'!$E$2:$E$26)) -> 0.004352448 | I2: =1-SUMSQ('P1 média'!J2:J26)/DEVSQ('P1 média'!$E$2:$E$26) -> 0.9999223
A3: P1 | B3: média | C3: DA 25 indep. | D3: =MAX(MAX('P1 média'!K2:K26),-MIN('P1 média'!K2:K26)) -> 0.018987673 | E3: =SUMPRODUCT(ABS('P1 média'!K2:K26))/25 -> 0.0060263632 | F3: =MAX('P1 média'!O2:O26) -> 0.038744424 | G3: =AVERAGE('P1 média'!O2:O26) -> 0.014944694 | H3: =SQRT(SUMSQ('P1 média'!K2:K26))/SQRT(SUMSQ('P1 média'!$E$2:$E$26)) -> 0.013989642 | I3: =1-SUMSQ('P1 média'!K2:K26)/DEVSQ('P1 média'!$E$2:$E$26) -> 0.99919729
A4: P1 | B4: média | C4: DA 1000 indep. | D4: =MAX(MAX('P1 média'!L2:L26),-MIN('P1 média'!L2:L26)) -> 0.010352625 | E4: =SUMPRODUCT(ABS('P1 média'!L2:L26))/25 -> 0.0063058276 | F4: =MAX('P1 média'!P2:P26) -> 0.099918997 | G4: =AVERAGE('P1 média'!P2:P26) -> 0.025804402 | H4: =SQRT(SUMSQ('P1 média'!L2:L26))/SQRT(SUMSQ('P1 média'!$E$2:$E$26)) -> 0.011983545 | I4: =1-SUMSQ('P1 média'!L2:L26)/DEVSQ('P1 média'!$E$2:$E$26) -> 0.999411
A5: P1 | B5: média | C5: DA 1000 cópula | D5: =MAX(MAX('P1 média'!M2:M26),-MIN('P1 média'!M2:M26)) -> 0.0080922229 | E5: =SUMPRODUCT(ABS('P1 média'!M2:M26))/25 -> 0.0040669367 | F5: =MAX('P1 média'!Q2:Q26) -> 0.06724859 | G5: =AVERAGE('P1 média'!Q2:Q26) -> 0.01681394 | H5: =SQRT(SUMSQ('P1 média'!M2:M26))/SQRT(SUMSQ('P1 média'!$E$2:$E$26)) -> 0.0082174315 | I5: =1-SUMSQ('P1 média'!M2:M26)/DEVSQ('P1 média'!$E$2:$E$26) -> 0.99972304
A6: P1 | B6: média | C6: Piso: fina × fina (500/500) | D6: 0.0070653364 | E6: 0.0019508308 | F6: 0.029816785 | G6: 0.0067809421 | H6: 0.0043954471 | I6: 0.99992089
A7: P1 | B7: desvio | C7: Sem compressão | D7: =MAX(MAX('P1 desvio'!J2:J26),-MIN('P1 desvio'!J2:J26)) -> 0.0093014777 | E7: =SUMPRODUCT(ABS('P1 desvio'!J2:J26))/25 -> 0.0072385234 | F7: =MAX('P1 desvio'!N2:N26) -> 0.13893374 | G7: =AVERAGE('P1 desvio'!N2:N26) -> 0.089760719 | H7: =SQRT(SUMSQ('P1 desvio'!J2:J26))/SQRT(SUMSQ('P1 desvio'!$E$2:$E$26)) -> 0.076495145 | I7: =1-SUMSQ('P1 desvio'!J2:J26)/DEVSQ('P1 desvio'!$E$2:$E$26) -> 0.94884516
A8: P1 | B8: desvio | C8: DA 25 indep. | D8: =MAX(MAX('P1 desvio'!K2:K26),-MIN('P1 desvio'!K2:K26)) -> 0.052338276 | E8: =SUMPRODUCT(ABS('P1 desvio'!K2:K26))/25 -> 0.030340036 | F8: =MAX('P1 desvio'!O2:O26) -> 0.42117907 | G8: =AVERAGE('P1 desvio'!O2:O26) -> 0.33162463 | H8: =SQRT(SUMSQ('P1 desvio'!K2:K26))/SQRT(SUMSQ('P1 desvio'!$E$2:$E$26)) -> 0.34590035 | I8: =1-SUMSQ('P1 desvio'!K2:K26)/DEVSQ('P1 desvio'!$E$2:$E$26) -> -0.045974194
A9: P1 | B9: desvio | C9: DA 1000 indep. | D9: =MAX(MAX('P1 desvio'!L2:L26),-MIN('P1 desvio'!L2:L26)) -> 0.049549653 | E9: =SUMPRODUCT(ABS('P1 desvio'!L2:L26))/25 -> 0.029634184 | F9: =MAX('P1 desvio'!P2:P26) -> 0.3979976 | G9: =AVERAGE('P1 desvio'!P2:P26) -> 0.31803499 | H9: =SQRT(SUMSQ('P1 desvio'!L2:L26))/SQRT(SUMSQ('P1 desvio'!$E$2:$E$26)) -> 0.33913102 | I9: =1-SUMSQ('P1 desvio'!L2:L26)/DEVSQ('P1 desvio'!$E$2:$E$26) -> -0.0054349828
A10: P1 | B10: desvio | C10: DA 1000 cópula | D10: =MAX(MAX('P1 desvio'!M2:M26),-MIN('P1 desvio'!M2:M26)) -> 0.013933319 | E10: =SUMPRODUCT(ABS('P1 desvio'!M2:M26))/25 -> 0.0079742514 | F10: =MAX('P1 desvio'!Q2:Q26) -> 0.18592942 | G10: =AVERAGE('P1 desvio'!Q2:Q26) -> 0.096228371 | H10: =SQRT(SUMSQ('P1 desvio'!M2:M26))/SQRT(SUMSQ('P1 desvio'!$E$2:$E$26)) -> 0.088797796 | I10: =1-SUMSQ('P1 desvio'!M2:M26)/DEVSQ('P1 desvio'!$E$2:$E$26) -> 0.93106761
A11: P1 | B11: desvio | C11: Piso: fina × fina (500/500) | D11: 0.0068240962 | E11: 0.0023733258 | F11: 0.074112163 | G11: 0.027621371 | H11: 0.032601452 | I11: 0.9904498
A12: P2 | B12: média | C12: Sem compressão | D12: =MAX(MAX('P2 média'!J2:J26),-MIN('P2 média'!J2:J26)) -> 0.014952215 | E12: =SUMPRODUCT(ABS('P2 média'!J2:J26))/25 -> 0.0021780164 | F12: =MAX('P2 média'!N2:N26) -> 0.064137598 | G12: =AVERAGE('P2 média'!N2:N26) -> 0.0067888396 | H12: =SQRT(SUMSQ('P2 média'!J2:J26))/SQRT(SUMSQ('P2 média'!$E$2:$E$26)) -> 0.0076665399 | I12: =1-SUMSQ('P2 média'!J2:J26)/DEVSQ('P2 média'!$E$2:$E$26) -> 0.99968978
A13: P2 | B13: média | C13: DA 25 indep. | D13: =MAX(MAX('P2 média'!K2:K26),-MIN('P2 média'!K2:K26)) -> 0.030272957 | E13: =SUMPRODUCT(ABS('P2 média'!K2:K26))/25 -> 0.0072297786 | F13: =MAX('P2 média'!O2:O26) -> 0.14319279 | G13: =AVERAGE('P2 média'!O2:O26) -> 0.024229353 | H13: =SQRT(SUMSQ('P2 média'!K2:K26))/SQRT(SUMSQ('P2 média'!$E$2:$E$26)) -> 0.020795567 | I13: =1-SUMSQ('P2 média'!K2:K26)/DEVSQ('P2 média'!$E$2:$E$26) -> 0.99771746
A14: P2 | B14: média | C14: DA 1000 indep. | D14: =MAX(MAX('P2 média'!L2:L26),-MIN('P2 média'!L2:L26)) -> 0.013710154 | E14: =SUMPRODUCT(ABS('P2 média'!L2:L26))/25 -> 0.0030932183 | F14: =MAX('P2 média'!P2:P26) -> 0.080829072 | G14: =AVERAGE('P2 média'!P2:P26) -> 0.011153339 | H14: =SQRT(SUMSQ('P2 média'!L2:L26))/SQRT(SUMSQ('P2 média'!$E$2:$E$26)) -> 0.0079815548 | I14: =1-SUMSQ('P2 média'!L2:L26)/DEVSQ('P2 média'!$E$2:$E$26) -> 0.99966376
A15: P2 | B15: média | C15: DA 1000 cópula | D15: =MAX(MAX('P2 média'!M2:M26),-MIN('P2 média'!M2:M26)) -> 0.014140101 | E15: =SUMPRODUCT(ABS('P2 média'!M2:M26))/25 -> 0.0037684737 | F15: =MAX('P2 média'!Q2:Q26) -> 0.060576574 | G15: =AVERAGE('P2 média'!Q2:Q26) -> 0.0092467461 | H15: =SQRT(SUMSQ('P2 média'!M2:M26))/SQRT(SUMSQ('P2 média'!$E$2:$E$26)) -> 0.0089027068 | I15: =1-SUMSQ('P2 média'!M2:M26)/DEVSQ('P2 média'!$E$2:$E$26) -> 0.99958167
A16: P2 | B16: média | C16: Piso: fina × fina (500/500) | D16: 0.011599164 | E16: 0.0057800937 | F16: 0.065532236 | G16: 0.017732987 | H16: 0.012042454 | I16: 0.99924318
A17: P2 | B17: desvio | C17: Sem compressão | D17: =MAX(MAX('P2 desvio'!J2:J26),-MIN('P2 desvio'!J2:J26)) -> 0.032693348 | E17: =SUMPRODUCT(ABS('P2 desvio'!J2:J26))/25 -> 0.0096413353 | F17: =MAX('P2 desvio'!N2:N26) -> 0.44923264 | G17: =AVERAGE('P2 desvio'!N2:N26) -> 0.1094231 | H17: =SQRT(SUMSQ('P2 desvio'!J2:J26))/SQRT(SUMSQ('P2 desvio'!$E$2:$E$26)) -> 0.1063777 | I17: =1-SUMSQ('P2 desvio'!J2:J26)/DEVSQ('P2 desvio'!$E$2:$E$26) -> 0.87234439
A18: P2 | B18: desvio | C18: DA 25 indep. | D18: =MAX(MAX('P2 desvio'!K2:K26),-MIN('P2 desvio'!K2:K26)) -> 0.086528637 | E18: =SUMPRODUCT(ABS('P2 desvio'!K2:K26))/25 -> 0.030592665 | F18: =MAX('P2 desvio'!O2:O26) -> 1.1889724 | G18: =AVERAGE('P2 desvio'!O2:O26) -> 0.30666422 | H18: =SQRT(SUMSQ('P2 desvio'!K2:K26))/SQRT(SUMSQ('P2 desvio'!$E$2:$E$26)) -> 0.33552357 | I18: =1-SUMSQ('P2 desvio'!K2:K26)/DEVSQ('P2 desvio'!$E$2:$E$26) -> -0.2699446
A19: P2 | B19: desvio | C19: DA 1000 indep. | D19: =MAX(MAX('P2 desvio'!L2:L26),-MIN('P2 desvio'!L2:L26)) -> 0.089763741 | E19: =SUMPRODUCT(ABS('P2 desvio'!L2:L26))/25 -> 0.030840318 | F19: =MAX('P2 desvio'!P2:P26) -> 1.2334253 | G19: =AVERAGE('P2 desvio'!P2:P26) -> 0.30629557 | H19: =SQRT(SUMSQ('P2 desvio'!L2:L26))/SQRT(SUMSQ('P2 desvio'!$E$2:$E$26)) -> 0.33526221 | I19: =1-SUMSQ('P2 desvio'!L2:L26)/DEVSQ('P2 desvio'!$E$2:$E$26) -> -0.2679669
A20: P2 | B20: desvio | C20: DA 1000 cópula | D20: =MAX(MAX('P2 desvio'!M2:M26),-MIN('P2 desvio'!M2:M26)) -> 0.031422874 | E20: =SUMPRODUCT(ABS('P2 desvio'!M2:M26))/25 -> 0.011338613 | F20: =MAX('P2 desvio'!Q2:Q26) -> 0.43177532 | G20: =AVERAGE('P2 desvio'!Q2:Q26) -> 0.1251805 | H20: =SQRT(SUMSQ('P2 desvio'!M2:M26))/SQRT(SUMSQ('P2 desvio'!$E$2:$E$26)) -> 0.11950984 | I20: =1-SUMSQ('P2 desvio'!M2:M26)/DEVSQ('P2 desvio'!$E$2:$E$26) -> 0.83888126
A21: P2 | B21: desvio | C21: Piso: fina × fina (500/500) | D21: 0.011894146 | E21: 0.0063117061 | F21: 0.185368 | G21: 0.06907786 | H21: 0.066470548 | I21: 0.95027659
A22: P3 | B22: média | C22: Sem compressão | D22: =MAX(MAX('P3 média'!J2:J26),-MIN('P3 média'!J2:J26)) -> 0.016523358 | E22: =SUMPRODUCT(ABS('P3 média'!J2:J26))/25 -> 0.0040736364 | F22: =MAX('P3 média'!N2:N26) -> 0.0827839 | G22: =AVERAGE('P3 média'!N2:N26) -> 0.020820226 | H22: =SQRT(SUMSQ('P3 média'!J2:J26))/SQRT(SUMSQ('P3 média'!$E$2:$E$26)) -> 0.019354072 | I22: =1-SUMSQ('P3 média'!J2:J26)/DEVSQ('P3 média'!$E$2:$E$26) -> 0.99924083
A23: P3 | B23: média | C23: DA 25 indep. | D23: =MAX(MAX('P3 média'!K2:K26),-MIN('P3 média'!K2:K26)) -> 0.038102962 | E23: =SUMPRODUCT(ABS('P3 média'!K2:K26))/25 -> 0.010083525 | F23: =MAX('P3 média'!O2:O26) -> 0.19300115 | G23: =AVERAGE('P3 média'!O2:O26) -> 0.060555914 | H23: =SQRT(SUMSQ('P3 média'!K2:K26))/SQRT(SUMSQ('P3 média'!$E$2:$E$26)) -> 0.044702135 | I23: =1-SUMSQ('P3 média'!K2:K26)/DEVSQ('P3 média'!$E$2:$E$26) -> 0.99595002
A24: P3 | B24: média | C24: DA 1000 indep. | D24: =MAX(MAX('P3 média'!L2:L26),-MIN('P3 média'!L2:L26)) -> 0.015402469 | E24: =SUMPRODUCT(ABS('P3 média'!L2:L26))/25 -> 0.0035078313 | F24: =MAX('P3 média'!P2:P26) -> 0.13383591 | G24: =AVERAGE('P3 média'!P2:P26) -> 0.031359163 | H24: =SQRT(SUMSQ('P3 média'!L2:L26))/SQRT(SUMSQ('P3 média'!$E$2:$E$26)) -> 0.01655268 | I24: =1-SUMSQ('P3 média'!L2:L26)/DEVSQ('P3 média'!$E$2:$E$26) -> 0.99944469
A25: P3 | B25: média | C25: DA 1000 cópula | D25: =MAX(MAX('P3 média'!M2:M26),-MIN('P3 média'!M2:M26)) -> 0.016972468 | E25: =SUMPRODUCT(ABS('P3 média'!M2:M26))/25 -> 0.0042837591 | F25: =MAX('P3 média'!Q2:Q26) -> 0.087385936 | G25: =AVERAGE('P3 média'!Q2:Q26) -> 0.02363136 | H25: =SQRT(SUMSQ('P3 média'!M2:M26))/SQRT(SUMSQ('P3 média'!$E$2:$E$26)) -> 0.019890395 | I25: =1-SUMSQ('P3 média'!M2:M26)/DEVSQ('P3 média'!$E$2:$E$26) -> 0.99919817
A26: P3 | B26: média | C26: Piso: fina × fina (500/500) | D26: 0.0065595062 | E26: 0.0021808308 | F26: 0.055138449 | G26: 0.013592651 | H26: 0.0084319027 | I26: 0.99985564
A27: P3 | B27: desvio | C27: Sem compressão | D27: =MAX(MAX('P3 desvio'!J2:J26),-MIN('P3 desvio'!J2:J26)) -> 0.036103576 | E27: =SUMPRODUCT(ABS('P3 desvio'!J2:J26))/25 -> 0.011813952 | F27: =MAX('P3 desvio'!N2:N26) -> 0.48037454 | G27: =AVERAGE('P3 desvio'!N2:N26) -> 0.19754553 | H27: =SQRT(SUMSQ('P3 desvio'!J2:J26))/SQRT(SUMSQ('P3 desvio'!$E$2:$E$26)) -> 0.21035323 | I27: =1-SUMSQ('P3 desvio'!J2:J26)/DEVSQ('P3 desvio'!$E$2:$E$26) -> 0.81626807
A28: P3 | B28: desvio | C28: DA 25 indep. | D28: =MAX(MAX('P3 desvio'!K2:K26),-MIN('P3 desvio'!K2:K26)) -> 0.086285061 | E28: =SUMPRODUCT(ABS('P3 desvio'!K2:K26))/25 -> 0.017090989 | F28: =MAX('P3 desvio'!O2:O26) -> 1.1480621 | G28: =AVERAGE('P3 desvio'!O2:O26) -> 0.29377815 | H28: =SQRT(SUMSQ('P3 desvio'!K2:K26))/SQRT(SUMSQ('P3 desvio'!$E$2:$E$26)) -> 0.39331872 | I28: =1-SUMSQ('P3 desvio'!K2:K26)/DEVSQ('P3 desvio'!$E$2:$E$26) -> 0.35764441
A29: P3 | B29: desvio | C29: DA 1000 indep. | D29: =MAX(MAX('P3 desvio'!L2:L26),-MIN('P3 desvio'!L2:L26)) -> 0.08590903 | E29: =SUMPRODUCT(ABS('P3 desvio'!L2:L26))/25 -> 0.016915461 | F29: =MAX('P3 desvio'!P2:P26) -> 1.189283 | G29: =AVERAGE('P3 desvio'!P2:P26) -> 0.2718872 | H29: =SQRT(SUMSQ('P3 desvio'!L2:L26))/SQRT(SUMSQ('P3 desvio'!$E$2:$E$26)) -> 0.39105752 | I29: =1-SUMSQ('P3 desvio'!L2:L26)/DEVSQ('P3 desvio'!$E$2:$E$26) -> 0.365009
A30: P3 | B30: desvio | C30: DA 1000 cópula | D30: =MAX(MAX('P3 desvio'!M2:M26),-MIN('P3 desvio'!M2:M26)) -> 0.032387309 | E30: =SUMPRODUCT(ABS('P3 desvio'!M2:M26))/25 -> 0.010998037 | F30: =MAX('P3 desvio'!Q2:Q26) -> 0.43092792 | G30: =AVERAGE('P3 desvio'!Q2:Q26) -> 0.19509761 | H30: =SQRT(SUMSQ('P3 desvio'!M2:M26))/SQRT(SUMSQ('P3 desvio'!$E$2:$E$26)) -> 0.18941237 | I30: =1-SUMSQ('P3 desvio'!M2:M26)/DEVSQ('P3 desvio'!$E$2:$E$26) -> 0.85102859
A31: P3 | B31: desvio | C31: Piso: fina × fina (500/500) | D31: 0.013161117 | E31: 0.0043681631 | F31: 0.19931944 | G31: 0.086221445 | H31: 0.082554083 | I31: 0.97187557
A33: Linhas 'Piso' em azul itálico: valores fixos copiados de main_flow.json (comparação entre duas metades independentes do ensemble fino); demais linhas são fórmulas sobre as abas por problema.

Sheet P1 média
A1: i | B1: j | C1: x (m) | D1: y (m) | E1: Fina | F1: Sem compressão | G1: DA 25 indep. | H1: DA 1000 indep. | I1: DA 1000 cópula | J1: Erro abs. Sem compressão | K1: Erro abs. DA 25 indep. | L1: Erro abs. DA 1000 indep. | M1: Erro abs. DA 1000 cópula | N1: Erro rel. Sem compressão | O1: Erro rel. DA 25 indep. | P1: Erro rel. DA 1000 indep. | Q1: Erro rel. DA 1000 cópula
A2: 0 | B2: 0 | C2: 1.5 | D2: 1.5 | E2: 0.89745367 | F2: 0.90189231 | G2: 0.8965141 | H2: 0.90756404 | I2: 0.90191671 | J2: =F2-$E2 -> 0.0044386395 | K2: =G2-$E2 -> -0.00093956292 | L2: =H2-$E2 -> 0.01011037 | M2: =I2-$E2 -> 0.0044630422 | N2: =ABS(J2)/ABS($E2) -> 0.0049458146 | O2: =ABS(K2)/ABS($E2) -> 0.0010469208 | P2: =ABS(L2)/ABS($E2) -> 0.011265618 | Q2: =ABS(M2)/ABS($E2) -> 0.0049730057
A3: 1 | B3: 0 | C3: 4.5 | D3: 1.5 | E3: 0.70236525 | F3: 0.70411084 | G3: 0.70342567 | H3: 0.70724654 | I3: 0.70172348 | J3: =F3-$E3 -> 0.0017455853 | K3: =G3-$E3 -> 0.001060417 | L3: =H3-$E3 -> 0.00488129 | M3: =I3-$E3 -> -0.00064177082 | N3: =ABS(J3)/ABS($E3) -> 0.0024852956 | O3: =ABS(K3)/ABS($E3) -> 0.00150978 | P3: =ABS(L3)/ABS($E3) -> 0.0069497885 | Q3: =ABS(M3)/ABS($E3) -> 0.00091372803
A4: 2 | B4: 0 | C4: 7.5 | D4: 1.5 | E4: 0.50451096 | F4: 0.50345263 | G4: 0.5056358 | H4: 0.50173283 | I4: 0.49641873 | J4: =F4-$E4 -> -0.0010583303 | K4: =G4-$E4 -> 0.0011248428 | L4: =H4-$E4 -> -0.0027781316 | M4: =I4-$E4 -> -0.0080922229 | N4: =ABS(J4)/ABS($E4) -> 0.0020977349 | O4: =ABS(K4)/ABS($E4) -> 0.0022295705 | P4: =ABS(L4)/ABS($E4) -> 0.0055065832 | Q4: =ABS(M4)/ABS($E4) -> 0.016039737
A5: 3 | B5: 0 | C5: 10.5 | D5: 1.5 | E5: 0.29853264 | F5: 0.29724767 | G5: 0.29289045 | H5: 0.29326979 | I5: 0.29083925 | J5: =F5-$E5 -> -0.0012849621 | K5: =G5-$E5 -> -0.0056421892 | L5: =H5-$E5 -> -0.0052628454 | M5: =I5-$E5 -> -0.0076933891 | N5: =ABS(J5)/ABS($E5) -> 0.00430426 | O5: =ABS(K5)/ABS($E5) -> 0.01889974 | P5: =ABS(L5)/ABS($E5) -> 0.017629045 | Q5: =ABS(M5)/ABS($E5) -> 0.02577068
A6: 4 | B6: 0 | C6: 13.5 | D6: 1.5 | E6: 0.09863917 | F6: 0.096040539 | G6: 0.095734226 | H6: 0.091572542 | I6: 0.094338491 | J6: =F6-$E6 -> -0.0025986302 | K6: =G6-$E6 -> -0.0029049432 | L6: =H6-$E6 -> -0.0070666274 | M6: =I6-$E6 -> -0.0043006783 | N6: =ABS(J6)/ABS($E6) -> 0.02634481 | O6: =ABS(K6)/ABS($E6) -> 0.029450199 | P6: =ABS(L6)/ABS($E6) -> 0.071641189 | Q6: =ABS(M6)/ABS($E6) -> 0.043600107
A7: 0 | B7: 1 | C7: 1.5 | D7: 4.5 | E7: 0.8989392 | F7: 0.9027795 | G7: 0.9059952 | H7: 0.90929182 | I7: 0.90258599 | J7: =F7-$E7 -> 0.0038403052 | K7: =G7-$E7 -> 0.0070560069 | L7: =H7-$E7 -> 0.010352625 | M7: =I7-$E7 -> 0.0036467951 | N7: =ABS(J7)/ABS($E7) -> 0.0042720411 | O7: =ABS(K7)/ABS($E7) -> 0.0078492594 | P7: =ABS(L7)/ABS($E7) -> 0.011516491 | Q7: =ABS(M7)/ABS($E7) -> 0.0040567761
A8: 1 | B8: 1 | C8: 4.5 | D8: 4.5 | E8: 0.7006669 | F8: 0.70304273 | G8: 0.6979094 | H8: 0.70754311 | I8: 0.70024089 | J8: =F8-$E8 -> 0.0023758225 | K8: =G8-$E8 -> -0.002757499 | L8: =H8-$E8 -> 0.0068762113 | M8: =I8-$E8 -> -0.00042601792 | N8: =ABS(J8)/ABS($E8) -> 0.0033908016 | O8: =ABS(K8)/ABS($E8) -> 0.0039355348 | P8: =ABS(L8)/ABS($E8) -> 0.0098138092 | Q8: =ABS(M8)/ABS($E8) -> 0.00060801775
A9: 2 | B9: 1 | C9: 7.5 | D9: 4.5 | E9: 0.50251234 | F9: 0.50184243 | G9: 0.48352467 | H9: 0.50061847 | I9: 0.49462475 | J9: =F9-$E9 -> -0.00066991424 | K9: =G9-$E9 -> -0.018987673 | L9: =H9-$E9 -> -0.0018938771 | M9: =I9-$E9 -> -0.0078875945 | N9: =ABS(J9)/ABS($E9) -> 0.0013331299 | O9: =ABS(K9)/ABS($E9) -> 0.037785485 | P9: =ABS(L9)/ABS($E9) -> 0.003768817 | Q9: =ABS(M9)/ABS($E9) -> 0.01569632
A10: 3 | B10: 1 | C10: 10.5 | D10: 4.5 | E10: 0.29763745 | F10: 0.29635983 | G10: 0.28807832 | H10: 0.29305107 | I10: 0.29109173 | J10: =F10-$E10 -> -0.0012776225 | K10: =G10-$E10 -> -0.0095591383 | L10: =H10-$E10 -> -0.004586384 | M10: =I10-$E10 -> -0.0065457298 | N10: =ABS(J10)/ABS($E10) -> 0.0042925461 | O10: =ABS(K10)/ABS($E10) -> 0.032116718 | P10: =ABS(L10)/ABS($E10) -> 0.015409297 | Q10: =ABS(M10)/ABS($E10) -> 0.021992292
A11: 4 | B11: 1 | C11: 13.5 | D11: 4.5 | E11: 0.097495208 | F11: 0.094945324 | G11: 0.095149625 | H11: 0.090409117 | I11: 0.094143041 | J11: =F11-$E11 -> -0.0025498839 | K11: =G11-$E11 -> -0.0023455828 | L11: =H11-$E11 -> -0.0070860913 | M11: =I11-$E11 -> -0.0033521673 | N11: =ABS(J11)/ABS($E11) -> 0.026153941 | O11: =ABS(K11)/ABS($E11) -> 0.024058442 | P11: =ABS(L11)/ABS($E11) -> 0.072681432 | Q11: =ABS(M11)/ABS($E11) -> 0.034382893
A12: 0 | B12: 2 | C12: 1.5 | D12: 7.5 | E12: 0.89978558 | F12: 0.90324365 | G12: 0.90145192 | H12: 0.90855314 | I12: 0.90302628 | J12: =F12-$E12 -> 0.0034580789 | K12: =G12-$E12 -> 0.0016663481 | L12: =H12-$E12 -> 0.0087675613 | M12: =I12-$E12 -> 0.0032407094 | N12: =ABS(J12)/ABS($E12) -> 0.0038432255 | O12: =ABS(K12)/ABS($E12) -> 0.0018519391 | P12: =ABS(L12)/ABS($E12) -> 0.0097440563 | Q12: =ABS(M12)/ABS($E12) -> 0.0036016463
A13: 1 | B13: 2 | C13: 4.5 | D13: 7.5 | E13: 0.69915409 | F13: 0.70151347 | G13: 0.69796213 | H13: 0.70475993 | I13: 0.69925266 | J13: =F13-$E13 -> 0.0023593883 | K13: =G13-$E13 -> -0.0011919531 | L13: =H13-$E13 -> 0.0056058416 | M13: =I13-$E13 -> 9.8576523e-05 | N13: =ABS(J13)/ABS($E13) -> 0.0033746327 | O13: =ABS(K13)/ABS($E13) -> 0.0017048504 | P13: =ABS(L13)/ABS($E13) -> 0.0080180346 | Q13: =ABS(M13)/ABS($E13) -> 0.00014099399
... A26: 4 | B26: 4 | C26: 13.5 | D26: 13.5 | E26: 0.10032704 | F26: 0.096437357 | G26: 0.099600596 | H26: 0.090302459 | I26: 0.093580184 | J26: =F26-$E26 -> -0.0038896786 | K26: =G26-$E26 -> -0.00072644027 | L26: =H26-$E26 -> -0.010024577 | M26: =I26-$E26 -> -0.0067468517 | N26: =ABS(J26)/ABS($E26) -> 0.038769995 | O26: =ABS(K26)/ABS($E26) -> 0.0072407229 | P26: =ABS(L26)/ABS($E26) -> 0.099918997 | Q26: =ABS(M26)/ABS($E26) -> 0.06724859

Sheet P1 desvio
A1: i | B1: j | C1: x (m) | D1: y (m) | E1: Fina | F1: Sem compressão | G1: DA 25 indep. | H1: DA 1000 indep. | I1: DA 1000 cópula | J1: Erro abs. Sem compressão | K1: Erro abs. DA 25 indep. | L1: Erro abs. DA 1000 indep. | M1: Erro abs. DA 1000 cópula | N1: Erro rel. Sem compressão | O1: Erro rel. DA 25 indep. | P1: Erro rel. DA 1000 indep. | Q1: Erro rel. DA 1000 cópula
A2: 0 | B2: 0 | C2: 1.5 | D2: 1.5 | E2: 0.056912676 | F2: 0.049005585 | G2: 0.036919136 | H2: 0.038797945 | I2: 0.048256419 | J2: =F2-$E2 -> -0.0079070911 | K2: =G2-$E2 -> -0.01999354 | L2: =H2-$E2 -> -0.018114731 | M2: =I2-$E2 -> -0.0086562576 | N2: =ABS(J2)/ABS($E2) -> 0.13893374 | O2: =ABS(K2)/ABS($E2) -> 0.35130206 | P2: =ABS(L2)/ABS($E2) -> 0.31828992 | Q2: =ABS(M2)/ABS($E2) -> 0.15209718
A3: 1 | B3: 0 | C3: 4.5 | D3: 1.5 | E3: 0.11735126 | F3: 0.10850522 | G3: 0.083182964 | H3: 0.079522607 | I3: 0.10814115 | J3: =F3-$E3 -> -0.0088460409 | K3: =G3-$E3 -> -0.034168297 | L3: =H3-$E3 -> -0.037828654 | M3: =I3-$E3 -> -0.0092101103 | N3: =ABS(J3)/ABS($E3) -> 0.075380877 | O3: =ABS(K3)/ABS($E3) -> 0.29116259 | P3: =ABS(L3)/ABS($E3) -> 0.32235405 | Q3: =ABS(M3)/ABS($E3) -> 0.078483266
A4: 2 | B4: 0 | C4: 7.5 | D4: 1.5 | E4: 0.13166731 | F4: 0.12400754 | G4: 0.088164535 | H4: 0.086384433 | I4: 0.12231421 | J4: =F4-$E4 -> -0.0076597681 | K4: =G4-$E4 -> -0.043502778 | L4: =H4-$E4 -> -0.04528288 | M4: =I4-$E4 -> -0.0093531072 | N4: =ABS(J4)/ABS($E4) -> 0.058175169 | O4: =ABS(K4)/ABS($E4) -> 0.33039923 | P4: =ABS(L4)/ABS($E4) -> 0.34391892 | Q4: =ABS(M4)/ABS($E4) -> 0.071035909
A5: 3 | B5: 0 | C5: 10.5 | D5: 1.5 | E5: 0.11428182 | F5: 0.10498034 | G5: 0.074165786 | H5: 0.07907649 | I5: 0.10303256 | J5: =F5-$E5 -> -0.0093014777 | K5: =G5-$E5 -> -0.040116032 | L5: =H5-$E5 -> -0.035205328 | M5: =I5-$E5 -> -0.011249253 | N5: =ABS(J5)/ABS($E5) -> 0.081390705 | O5: =ABS(K5)/ABS($E5) -> 0.35102724 | P5: =ABS(L5)/ABS($E5) -> 0.30805712 | Q5: =ABS(M5)/ABS($E5) -> 0.098434322
A6: 4 | B6: 0 | C6: 13.5 | D6: 1.5 | E6: 0.051771812 | F6: 0.046078992 | G6: 0.034664787 | H6: 0.039628681 | I6: 0.045610098 | J6: =F6-$E6 -> -0.0056928205 | K6: =G6-$E6 -> -0.017107025 | L6: =H6-$E6 -> -0.012143131 | M6: =I6-$E6 -> -0.0061617137 | N6: =ABS(J6)/ABS($E6) -> 0.10995985 | O6: =ABS(K6)/ABS($E6) -> 0.33043126 | P6: =ABS(L6)/ABS($E6) -> 0.23455102 | Q6: =ABS(M6)/ABS($E6) -> 0.11901677
A7: 0 | B7: 1 | C7: 1.5 | D7: 4.5 | E7: 0.052264665 | F7: 0.045897674 | G7: 0.034833485 | H7: 0.034802108 | I7: 0.046949115 | J7: =F7-$E7 -> -0.0063669914 | K7: =G7-$E7 -> -0.01743118 | L7: =H7-$E7 -> -0.017462558 | M7: =I7-$E7 -> -0.0053155504 | N7: =ABS(J7)/ABS($E7) -> 0.1218221 | O7: =ABS(K7)/ABS($E7) -> 0.33351749 | P7: =ABS(L7)/ABS($E7) -> 0.33411785 | Q7: =ABS(M7)/ABS($E7) -> 0.10170448
A8: 1 | B8: 1 | C8: 4.5 | D8: 4.5 | E8: 0.11176331 | F8: 0.10370703 | G8: 0.07224839 | H8: 0.071629505 | I8: 0.10541684 | J8: =F8-$E8 -> -0.0080562787 | K8: =G8-$E8 -> -0.039514916 | L8: =H8-$E8 -> -0.040133801 | M8: =I8-$E8 -> -0.0063464673 | N8: =ABS(J8)/ABS($E8) -> 0.072083397 | O8: =ABS(K8)/ABS($E8) -> 0.35355894 | P8: =ABS(L8)/ABS($E8) -> 0.3590964 | Q8: =ABS(M8)/ABS($E8) -> 0.056784892
A9: 2 | B9: 1 | C9: 7.5 | D9: 4.5 | E9: 0.12747196 | F9: 0.11998634 | G9: 0.076361457 | H9: 0.077922308 | I9: 0.11703716 | J9: =F9-$E9 -> -0.0074856229 | K9: =G9-$E9 -> -0.051110503 | L9: =H9-$E9 -> -0.049549653 | M9: =I9-$E9 -> -0.010434799 | N9: =ABS(J9)/ABS($E9) -> 0.058723682 | O9: =ABS(K9)/ABS($E9) -> 0.40095487 | P9: =ABS(L9)/ABS($E9) -> 0.38871021 | Q9: =ABS(M9)/ABS($E9) -> 0.081859561
A10: 3 | B10: 1 | C10: 10.5 | D10: 4.5 | E10: 0.10947235 | F10: 0.10123524 | G10: 0.085902076 | H10: 0.071469152 | I10: 0.096957007 | J10: =F10-$E10 -> -0.0082371141 | K10: =G10-$E10 -> -0.023570274 | L10: =H10-$E10 -> -0.038003198 | M10: =I10-$E10 -> -0.012515343 | N10: =ABS(J10)/ABS($E10) -> 0.075243786 | O10: =ABS(K10)/ABS($E10) -> 0.21530802 | P10: =ABS(L10)/ABS($E10) -> 0.34714883 | Q10: =ABS(M10)/ABS($E10) -> 0.11432424
A11: 4 | B11: 1 | C11: 13.5 | D11: 4.5 | E11: 0.04872707 | F11: 0.043579028 | G11: 0.039650281 | H11: 0.035553945 | I11: 0.042562121 | J11: =F11-$E11 -> -0.0051480425 | K11: =G11-$E11 -> -0.0090767892 | L11: =H11-$E11 -> -0.013173125 | M11: =I11-$E11 -> -0.0061649491 | N11: =ABS(J11)/ABS($E11) -> 0.10565057 | O11: =ABS(K11)/ABS($E11) -> 0.18627816 | P11: =ABS(L11)/ABS($E11) -> 0.27034511 | Q11: =ABS(M11)/ABS($E11) -> 0.12652
A12: 0 | B12: 2 | C12: 1.5 | D12: 7.5 | E12: 0.049445209 | F12: 0.043379798 | G12: 0.030783638 | H12: 0.03394793 | I12: 0.045021712 | J12: =F12-$E12 -> -0.0060654103 | K12: =G12-$E12 -> -0.018661571 | L12: =H12-$E12 -> -0.015497279 | M12: =I12-$E12 -> -0.0044234965 | N12: =ABS(J12)/ABS($E12) -> 0.12266932 | O12: =ABS(K12)/ABS($E12) -> 0.37741919 | P12: =ABS(L12)/ABS($E12) -> 0.31342327 | Q12: =ABS(M12)/ABS($E12) -> 0.089462592
A13: 1 | B13: 2 | C13: 4.5 | D13: 7.5 | E13: 0.10774269 | F13: 0.10002983 | G13: 0.066818989 | H13: 0.068290229 | I13: 0.101905 | J13: =F13-$E13 -> -0.0077128624 | K13: =G13-$E13 -> -0.040923701 | L13: =H13-$E13 -> -0.039452461 | M13: =I13-$E13 -> -0.0058376908 | N13: =ABS(J13)/ABS($E13) -> 0.071585946 | O13: =ABS(K13)/ABS($E13) -> 0.3798281 | P13: =ABS(L13)/ABS($E13) -> 0.36617297 | Q13: =ABS(M13)/ABS($E13) -> 0.05418178
... A26: 4 | B26: 4 | C26: 13.5 | D26: 13.5 | E26: 0.054225967 | F26: 0.046933498 | G26: 0.040312463 | H26: 0.040280377 | I26: 0.044143764 | J26: =F26-$E26 -> -0.0072924685 | K26: =G26-$E26 -> -0.013913503 | L26: =H26-$E26 -> -0.01394559 | M26: =I26-$E26 -> -0.010082203 | N26: =ABS(J26)/ABS($E26) -> 0.13448296 | O26: =ABS(K26)/ABS($E26) -> 0.25658378 | P26: =ABS(L26)/ABS($E26) -> 0.2571755 | Q26: =ABS(M26)/ABS($E26) -> 0.18592942

Sheet P2 média
A1: i | B1: j | C1: x (m) | D1: y (m) | E1: Fina | F1: Sem compressão | G1: DA 25 indep. | H1: DA 1000 indep. | I1: DA 1000 cópula | J1: Erro abs. Sem compressão | K1: Erro abs. DA 25 indep. | L1: Erro abs. DA 1000 indep. | M1: Erro abs. DA 1000 cópula | N1: Erro rel. Sem compressão | O1: Erro rel. DA 25 indep. | P1: Erro rel. DA 1000 indep. | Q1: Erro rel. DA 1000 cópula
A2: 0 | B2: 0 | C2: 1.5 | D2: 1.5 | E2: 0.50113388 | F2: 0.50111757 | G2: 0.52918084 | H2: 0.49864927 | I2: 0.49944655 | J2: =F2-$E2 -> -1.6312156e-05 | K2: =G2-$E2 -> 0.028046958 | L2: =H2-$E2 -> -0.0024846076 | M2: =I2-$E2 -> -0.0016873264 | N2: =ABS(J2)/ABS($E2) -> 3.2550496e-05 | O2: =ABS(K2)/ABS($E2) -> 0.055966997 | P2: =ABS(L2)/ABS($E2) -> 0.0049579717 | Q2: =ABS(M2)/ABS($E2) -> 0.0033670171
A3: 1 | B3: 0 | C3: 4.5 | D3: 1.5 | E3: 0.79170988 | F3: 0.77675766 | G3: 0.76325484 | H3: 0.77799972 | I3: 0.77756978 | J3: =F3-$E3 -> -0.014952215 | K3: =G3-$E3 -> -0.028455041 | L3: =H3-$E3 -> -0.013710154 | M3: =I3-$E3 -> -0.014140101 | N3: =ABS(J3)/ABS($E3) -> 0.018885978 | O3: =ABS(K3)/ABS($E3) -> 0.035941248 | P3: =ABS(L3)/ABS($E3) -> 0.017317144 | Q3: =ABS(M3)/ABS($E3) -> 0.017860206
A4: 2 | B4: 0 | C4: 7.5 | D4: 1.5 | E4: 0.87106045 | F4: 0.86802878 | G4: 0.86447094 | H4: 0.87342826 | I4: 0.86995878 | J4: =F4-$E4 -> -0.0030316747 | K4: =G4-$E4 -> -0.0065895154 | L4: =H4-$E4 -> 0.0023678113 | M4: =I4-$E4 -> -0.0011016754 | N4: =ABS(J4)/ABS($E4) -> 0.0034804413 | O4: =ABS(K4)/ABS($E4) -> 0.0075649347 | P4: =ABS(L4)/ABS($E4) -> 0.0027183088 | Q4: =ABS(M4)/ABS($E4) -> 0.001264752
A5: 3 | B5: 0 | C5: 10.5 | D5: 1.5 | E5: 0.90303815 | F5: 0.90396036 | G5: 0.91364148 | H5: 0.90900173 | I5: 0.90601027 | J5: =F5-$E5 -> 0.00092221597 | K5: =G5-$E5 -> 0.010603329 | L5: =H5-$E5 -> 0.0059635854 | M5: =I5-$E5 -> 0.0029721245 | N5: =ABS(J5)/ABS($E5) -> 0.001021237 | O5: =ABS(K5)/ABS($E5) -> 0.011741839 | P5: =ABS(L5)/ABS($E5) -> 0.006603913 | Q5: =ABS(M5)/ABS($E5) -> 0.0032912502
A6: 4 | B6: 0 | C6: 13.5 | D6: 1.5 | E6: 0.91510149 | F6: 0.91679725 | G6: 0.92068988 | H6: 0.92300538 | I6: 0.91943741 | J6: =F6-$E6 -> 0.0016957616 | K6: =G6-$E6 -> 0.0055883916 | L6: =H6-$E6 -> 0.0079038978 | M6: =I6-$E6 -> 0.0043359202 | N6: =ABS(J6)/ABS($E6) -> 0.0018530859 | O6: =ABS(K6)/ABS($E6) -> 0.0061068545 | P6: =ABS(L6)/ABS($E6) -> 0.0086371817 | Q6: =ABS(M6)/ABS($E6) -> 0.0047381851
A7: 0 | B7: 1 | C7: 1.5 | D7: 4.5 | E7: 0.21141398 | F7: 0.22497356 | G7: 0.24168693 | H7: 0.21895593 | I7: 0.22422071 | J7: =F7-$E7 -> 0.013559585 | K7: =G7-$E7 -> 0.030272957 | L7: =H7-$E7 -> 0.0075419594 | M7: =I7-$E7 -> 0.012806734 | N7: =ABS(J7)/ABS($E7) -> 0.064137598 | O7: =ABS(K7)/ABS($E7) -> 0.14319279 | P7: =ABS(L7)/ABS($E7) -> 0.035673892 | Q7: =ABS(M7)/ABS($E7) -> 0.060576574
A8: 1 | B8: 1 | C8: 4.5 | D8: 4.5 | E8: 0.50038896 | F8: 0.50052926 | G8: 0.4948272 | H8: 0.49759134 | I8: 0.50186442 | J8: =F8-$E8 -> 0.00014029438 | K8: =G8-$E8 -> -0.0055617673 | L8: =H8-$E8 -> -0.0027976199 | M8: =I8-$E8 -> 0.0014754622 | N8: =ABS(J8)/ABS($E8) -> 0.00028037065 | O8: =ABS(K8)/ABS($E8) -> 0.011114888 | P8: =ABS(L8)/ABS($E8) -> 0.0055908905 | Q8: =ABS(M8)/ABS($E8) -> 0.0029486306
A9: 2 | B9: 1 | C9: 7.5 | D9: 4.5 | E9: 0.65165566 | F9: 0.64949962 | G9: 0.65153086 | H9: 0.65348609 | I9: 0.65339655 | J9: =F9-$E9 -> -0.0021560397 | K9: =G9-$E9 -> -0.00012479733 | L9: =H9-$E9 -> 0.001830426 | M9: =I9-$E9 -> 0.0017408872 | N9: =ABS(J9)/ABS($E9) -> 0.0033085567 | O9: =ABS(K9)/ABS($E9) -> 0.00019150809 | P9: =ABS(L9)/ABS($E9) -> 0.0028088853 | Q9: =ABS(M9)/ABS($E9) -> 0.0026714833
A10: 3 | B10: 1 | C10: 10.5 | D10: 4.5 | E10: 0.72819931 | F10: 0.72696097 | G10: 0.73093814 | H10: 0.72993728 | I10: 0.73205289 | J10: =F10-$E10 -> -0.0012383452 | K10: =G10-$E10 -> 0.0027388207 | L10: =H10-$E10 -> 0.0017379689 | M10: =I10-$E10 -> 0.0038535802 | N10: =ABS(J10)/ABS($E10) -> 0.001700558 | O10: =ABS(K10)/ABS($E10) -> 0.0037610866 | P10: =ABS(L10)/ABS($E10) -> 0.0023866665 | Q10: =ABS(M10)/ABS($E10) -> 0.0052919305
A11: 4 | B11: 1 | C11: 13.5 | D11: 4.5 | E11: 0.75950728 | F11: 0.759144 | G11: 0.75601881 | H11: 0.76386862 | I11: 0.76446142 | J11: =F11-$E11 -> -0.00036328249 | K11: =G11-$E11 -> -0.0034884725 | L11: =H11-$E11 -> 0.0043613391 | M11: =I11-$E11 -> 0.004954136 | N11: =ABS(J11)/ABS($E11) -> 0.00047831337 | O11: =ABS(K11)/ABS($E11) -> 0.0045930732 | P11: =ABS(L11)/ABS($E11) -> 0.0057423269 | Q11: =ABS(M11)/ABS($E11) -> 0.0065228289
A12: 0 | B12: 2 | C12: 1.5 | D12: 7.5 | E12: 0.12901505 | F12: 0.13148661 | G12: 0.14474612 | H12: 0.12700833 | I12: 0.1311632 | J12: =F12-$E12 -> 0.0024715574 | K12: =G12-$E12 -> 0.015731068 | L12: =H12-$E12 -> -0.0020067192 | M12: =I12-$E12 -> 0.0021481498 | N12: =ABS(J12)/ABS($E12) -> 0.019157124 | O12: =ABS(K12)/ABS($E12) -> 0.12193204 | P12: =ABS(L12)/ABS($E12) -> 0.015554148 | Q12: =ABS(M12)/ABS($E12) -> 0.016650381
A13: 1 | B13: 2 | C13: 4.5 | D13: 7.5 | E13: 0.34639546 | F13: 0.34887688 | G13: 0.35306115 | H13: 0.34578775 | I13: 0.34980447 | J13: =F13-$E13 -> 0.0024814232 | K13: =G13-$E13 -> 0.0066656914 | L13: =H13-$E13 -> -0.00060770727 | M13: =I13-$E13 -> 0.0034090122 | N13: =ABS(J13)/ABS($E13) -> 0.0071635559 | O13: =ABS(K13)/ABS($E13) -> 0.019243011 | P13: =ABS(L13)/ABS($E13) -> 0.0017543743 | Q13: =ABS(M13)/ABS($E13) -> 0.0098413883
... A26: 4 | B26: 4 | C26: 13.5 | D26: 13.5 | E26: 0.49743902 | F26: 0.4978868 | G26: 0.49581402 | H26: 0.49753803 | I26: 0.50277786 | J26: =F26-$E26 -> 0.00044777994 | K26: =G26-$E26 -> -0.0016249988 | L26: =H26-$E26 -> 9.9013657e-05 | M26: =I26-$E26 -> 0.0053388442 | N26: =ABS(J26)/ABS($E26) -> 0.00090017052 | O26: =ABS(K26)/ABS($E26) -> 0.0032667297 | P26: =ABS(L26)/ABS($E26) -> 0.00019904682 | Q26: =ABS(M26)/ABS($E26) -> 0.010732661

Sheet P2 desvio
A1: i | B1: j | C1: x (m) | D1: y (m) | E1: Fina | F1: Sem compressão | G1: DA 25 indep. | H1: DA 1000 indep. | I1: DA 1000 cópula | J1: Erro abs. Sem compressão | K1: Erro abs. DA 25 indep. | L1: Erro abs. DA 1000 indep. | M1: Erro abs. DA 1000 cópula | N1: Erro rel. Sem compressão | O1: Erro rel. DA 25 indep. | P1: Erro rel. DA 1000 indep. | Q1: Erro rel. DA 1000 cópula
A2: 0 | B2: 0 | C2: 1.5 | D2: 1.5 | E2: 0.072775985 | F2: 0.040082637 | G2: 0.15930462 | H2: 0.16253973 | I2: 0.041353111 | J2: =F2-$E2 -> -0.032693348 | K2: =G2-$E2 -> 0.086528637 | L2: =H2-$E2 -> 0.089763741 | M2: =I2-$E2 -> -0.031422874 | N2: =ABS(J2)/ABS($E2) -> 0.44923264 | O2: =ABS(K2)/ABS($E2) -> 1.1889724 | P2: =ABS(L2)/ABS($E2) -> 1.2334253 | Q2: =ABS(M2)/ABS($E2) -> 0.43177532
A3: 1 | B3: 0 | C3: 4.5 | D3: 1.5 | E3: 0.077666836 | F3: 0.062727975 | G3: 0.098913398 | H3: 0.094969541 | I3: 0.062287255 | J3: =F3-$E3 -> -0.014938861 | K3: =G3-$E3 -> 0.021246561 | L3: =H3-$E3 -> 0.017302704 | M3: =I3-$E3 -> -0.015379581 | N3: =ABS(J3)/ABS($E3) -> 0.19234543 | O3: =ABS(K3)/ABS($E3) -> 0.27356028 | P3: =ABS(L3)/ABS($E3) -> 0.22278112 | Q3: =ABS(M3)/ABS($E3) -> 0.19801993
A4: 2 | B4: 0 | C4: 7.5 | D4: 1.5 | E4: 0.06030733 | F4: 0.05157732 | G4: 0.048814393 | H4: 0.051196669 | I4: 0.048210846 | J4: =F4-$E4 -> -0.0087300102 | K4: =G4-$E4 -> -0.011492937 | L4: =H4-$E4 -> -0.0091106608 | M4: =I4-$E4 -> -0.012096484 | N4: =ABS(J4)/ABS($E4) -> 0.14475869 | O4: =ABS(K4)/ABS($E4) -> 0.1905728 | P4: =ABS(L4)/ABS($E4) -> 0.15107054 | Q4: =ABS(M4)/ABS($E4) -> 0.20058067
A5: 3 | B5: 0 | C5: 10.5 | D5: 1.5 | E5: 0.051854418 | F5: 0.045214092 | G5: 0.034212694 | H5: 0.037317593 | I5: 0.041196761 | J5: =F5-$E5 -> -0.006640325 | K5: =G5-$E5 -> -0.017641724 | L5: =H5-$E5 -> -0.014536824 | M5: =I5-$E5 -> -0.010657656 | N5: =ABS(J5)/ABS($E5) -> 0.12805707 | O5: =ABS(K5)/ABS($E5) -> 0.34021641 | P5: =ABS(L5)/ABS($E5) -> 0.28033917 | Q5: =ABS(M5)/ABS($E5) -> 0.20553034
A6: 4 | B6: 0 | C6: 13.5 | D6: 1.5 | E6: 0.049008222 | F6: 0.043286833 | G6: 0.035722427 | H6: 0.035313557 | I6: 0.038968338 | J6: =F6-$E6 -> -0.0057213897 | K6: =G6-$E6 -> -0.013285795 | L6: =H6-$E6 -> -0.013694665 | M6: =I6-$E6 -> -0.010039884 | N6: =ABS(J6)/ABS($E6) -> 0.11674347 | O6: =ABS(K6)/ABS($E6) -> 0.27109319 | P6: =ABS(L6)/ABS($E6) -> 0.27943607 | Q6: =ABS(M6)/ABS($E6) -> 0.20486122
A7: 0 | B7: 1 | C7: 1.5 | D7: 4.5 | E7: 0.080452082 | F7: 0.063575374 | G7: 0.11963776 | H7: 0.091846333 | I7: 0.065555774 | J7: =F7-$E7 -> -0.016876708 | K7: =G7-$E7 -> 0.039185678 | L7: =H7-$E7 -> 0.011394251 | M7: =I7-$E7 -> -0.014896308 | N7: =ABS(J7)/ABS($E7) -> 0.20977341 | O7: =ABS(K7)/ABS($E7) -> 0.48706854 | P7: =ABS(L7)/ABS($E7) -> 0.1416278 | Q7: =ABS(M7)/ABS($E7) -> 0.18515752
A8: 1 | B8: 1 | C8: 4.5 | D8: 4.5 | E8: 0.12986396 | F8: 0.11225653 | G8: 0.11593969 | H8: 0.10628703 | I8: 0.11399662 | J8: =F8-$E8 -> -0.017607422 | K8: =G8-$E8 -> -0.013924269 | L8: =H8-$E8 -> -0.023576928 | M8: =I8-$E8 -> -0.015867342 | N8: =ABS(J8)/ABS($E8) -> 0.1355836 | O8: =ABS(K8)/ABS($E8) -> 0.10722197 | P8: =ABS(L8)/ABS($E8) -> 0.18155098 | Q8: =ABS(M8)/ABS($E8) -> 0.12218434
A9: 2 | B9: 1 | C9: 7.5 | D9: 4.5 | E9: 0.11906266 | F9: 0.10807209 | G9: 0.081170488 | H9: 0.086118255 | I9: 0.10374757 | J9: =F9-$E9 -> -0.010990567 | K9: =G9-$E9 -> -0.037892168 | L9: =H9-$E9 -> -0.032944401 | M9: =I9-$E9 -> -0.015315082 | N9: =ABS(J9)/ABS($E9) -> 0.092309101 | O9: =ABS(K9)/ABS($E9) -> 0.31825402 | P9: =ABS(L9)/ABS($E9) -> 0.27669802 | Q9: =ABS(M9)/ABS($E9) -> 0.12863044
A10: 3 | B10: 1 | C10: 10.5 | D10: 4.5 | E10: 0.1084337 | F10: 0.099896115 | G10: 0.078494321 | H10: 0.073616375 | I10: 0.092906417 | J10: =F10-$E10 -> -0.0085375854 | K10: =G10-$E10 -> -0.02993938 | L10: =H10-$E10 -> -0.034817326 | M10: =I10-$E10 -> -0.015527284 | N10: =ABS(J10)/ABS($E10) -> 0.078735535 | O10: =ABS(K10)/ABS($E10) -> 0.2761077 | P10: =ABS(L10)/ABS($E10) -> 0.32109322 | Q10: =ABS(M10)/ABS($E10) -> 0.14319611
A11: 4 | B11: 1 | C11: 13.5 | D11: 4.5 | E11: 0.10463188 | F11: 0.096503979 | G11: 0.075621642 | H11: 0.071087229 | I11: 0.088681671 | J11: =F11-$E11 -> -0.0081279008 | K11: =G11-$E11 -> -0.029010238 | L11: =H11-$E11 -> -0.033544651 | M11: =I11-$E11 -> -0.015950208 | N11: =ABS(J11)/ABS($E11) -> 0.077680921 | O11: =ABS(K11)/ABS($E11) -> 0.27726003 | P11: =ABS(L11)/ABS($E11) -> 0.32059685 | Q11: =ABS(M11)/ABS($E11) -> 0.15244119
A12: 0 | B12: 2 | C12: 1.5 | D12: 7.5 | E12: 0.060119946 | F12: 0.052284851 | G12: 0.058632988 | H12: 0.054009305 | I12: 0.053763986 | J12: =F12-$E12 -> -0.0078350949 | K12: =G12-$E12 -> -0.001486958 | L12: =H12-$E12 -> -0.0061106402 | M12: =I12-$E12 -> -0.0063559591 | N12: =ABS(J12)/ABS($E12) -> 0.13032439 | O12: =ABS(K12)/ABS($E12) -> 0.024733189 | P12: =ABS(L12)/ABS($E12) -> 0.10164081 | Q12: =ABS(M12)/ABS($E12) -> 0.10572131
A13: 1 | B13: 2 | C13: 4.5 | D13: 7.5 | E13: 0.12208031 | F13: 0.11071193 | G13: 0.098201524 | H13: 0.086326257 | I13: 0.11307062 | J13: =F13-$E13 -> -0.011368379 | K13: =G13-$E13 -> -0.023878782 | L13: =H13-$E13 -> -0.035754049 | M13: =I13-$E13 -> -0.0090096893 | N13: =ABS(J13)/ABS($E13) -> 0.093122139 | O13: =ABS(K13)/ABS($E13) -> 0.19559897 | P13: =ABS(L13)/ABS($E13) -> 0.29287319 | Q13: =ABS(M13)/ABS($E13) -> 0.073801333
... A26: 4 | B26: 4 | C26: 13.5 | D26: 13.5 | E26: 0.13314862 | F26: 0.12696466 | G26: 0.077336186 | H26: 0.092837818 | I26: 0.12247568 | J26: =F26-$E26 -> -0.0061839548 | K26: =G26-$E26 -> -0.055812434 | L26: =H26-$E26 -> -0.040310801 | M26: =I26-$E26 -> -0.010672937 | N26: =ABS(J26)/ABS($E26) -> 0.046444002 | O26: =ABS(K26)/ABS($E26) -> 0.41917396 | P26: =ABS(L26)/ABS($E26) -> 0.30275043 | Q26: =ABS(M26)/ABS($E26) -> 0.080158074

Sheet P3 média
A1: i | B1: j | C1: x (m) | D1: y (m) | E1: Fina | F1: Sem compressão | G1: DA 25 indep. | H1: DA 1000 indep. | I1: DA 1000 cópula | J1: Erro abs. Sem compressão | K1: Erro abs. DA 25 indep. | L1: Erro abs. DA 1000 indep. | M1: Erro abs. DA 1000 cópula | N1: Erro rel. Sem compressão | O1: Erro rel. DA 25 indep. | P1: Erro rel. DA 1000 indep. | Q1: Erro rel. DA 1000 cópula
A2: 0 | B2: 0 | C2: 1.5 | D2: 1.5 | E2: 0.49158796 | F2: 0.49047925 | G2: 0.46323616 | H2: 0.49191467 | I2: 0.4910973 | J2: =F2-$E2 -> -0.0011087174 | K2: =G2-$E2 -> -0.028351801 | L2: =H2-$E2 -> 0.0003267005 | M2: =I2-$E2 -> -0.00049066638 | N2: =ABS(J2)/ABS($E2) -> 0.0022553795 | O2: =ABS(K2)/ABS($E2) -> 0.057673913 | P2: =ABS(L2)/ABS($E2) -> 0.00066458197 | Q2: =ABS(M2)/ABS($E2) -> 0.0009981253
A3: 1 | B3: 0 | C3: 4.5 | D3: 1.5 | E3: 0.17988754 | F3: 0.19453111 | G3: 0.20921824 | H3: 0.19457943 | I3: 0.1947756 | J3: =F3-$E3 -> 0.01464357 | K3: =G3-$E3 -> 0.0293307 | L3: =H3-$E3 -> 0.014691897 | M3: =I3-$E3 -> 0.014888058 | N3: =ABS(J3)/ABS($E3) -> 0.081404025 | O3: =ABS(K3)/ABS($E3) -> 0.16305021 | P3: =ABS(L3)/ABS($E3) -> 0.081672677 | Q3: =ABS(M3)/ABS($E3) -> 0.082763145
A4: 2 | B4: 0 | C4: 7.5 | D4: 1.5 | E4: 0.082518288 | F4: 0.086420561 | G4: 0.091104819 | H4: 0.083969842 | I4: 0.085191232 | J4: =F4-$E4 -> 0.0039022731 | K4: =G4-$E4 -> 0.0085865313 | L4: =H4-$E4 -> 0.0014515541 | M4: =I4-$E4 -> 0.002672944 | N4: =ABS(J4)/ABS($E4) -> 0.047289798 | O4: =ABS(K4)/ABS($E4) -> 0.1040561 | P4: =ABS(L4)/ABS($E4) -> 0.017590696 | Q4: =ABS(M4)/ABS($E4) -> 0.032392141
A5: 3 | B5: 0 | C5: 10.5 | D5: 1.5 | E5: 0.037113585 | F5: 0.0375906 | G5: 0.033777523 | H5: 0.036411019 | I5: 0.036701488 | J5: =F5-$E5 -> 0.00047701495 | K5: =G5-$E5 -> -0.0033360623 | L5: =H5-$E5 -> -0.00070256614 | M5: =I5-$E5 -> -0.00041209656 | N5: =ABS(J5)/ABS($E5) -> 0.012852839 | O5: =ABS(K5)/ABS($E5) -> 0.089887902 | P5: =ABS(L5)/ABS($E5) -> 0.018930161 | Q5: =ABS(M5)/ABS($E5) -> 0.011103658
A6: 4 | B6: 0 | C6: 13.5 | D6: 1.5 | E6: 0.010825944 | F6: 0.010431159 | G6: 0.0094885979 | H6: 0.0093770436 | I6: 0.010183249 | J6: =F6-$E6 -> -0.00039478455 | K6: =G6-$E6 -> -0.0013373457 | L6: =H6-$E6 -> -0.0014489 | M6: =I6-$E6 -> -0.00064269432 | N6: =ABS(J6)/ABS($E6) -> 0.036466526 | O6: =ABS(K6)/ABS($E6) -> 0.12353156 | P6: =ABS(L6)/ABS($E6) -> 0.13383591 | Q6: =ABS(M6)/ABS($E6) -> 0.059366125
A7: 0 | B7: 1 | C7: 1.5 | D7: 4.5 | E7: 0.7576344 | F7: 0.74123045 | G7: 0.7266377 | H7: 0.74677331 | I7: 0.74159515 | J7: =F7-$E7 -> -0.016403951 | K7: =G7-$E7 -> -0.030996702 | L7: =H7-$E7 -> -0.010861088 | M7: =I7-$E7 -> -0.016039244 | N7: =ABS(J7)/ABS($E7) -> 0.021651539 | O7: =ABS(K7)/ABS($E7) -> 0.040912479 | P7: =ABS(L7)/ABS($E7) -> 0.014335526 | Q7: =ABS(M7)/ABS($E7) -> 0.021170163
A8: 1 | B8: 1 | C8: 4.5 | D8: 4.5 | E8: 0.40404636 | F8: 0.4017613 | G8: 0.40436283 | H8: 0.40479363 | I8: 0.40130705 | J8: =F8-$E8 -> -0.0022850616 | K8: =G8-$E8 -> 0.00031647408 | L8: =H8-$E8 -> 0.00074726667 | M8: =I8-$E8 -> -0.0027393097 | N8: =ABS(J8)/ABS($E8) -> 0.0056554442 | O8: =ABS(K8)/ABS($E8) -> 0.00078326181 | P8: =ABS(L8)/ABS($E8) -> 0.0018494577 | Q8: =ABS(M8)/ABS($E8) -> 0.0067796915
A9: 2 | B9: 1 | C9: 7.5 | D9: 4.5 | E9: 0.20537895 | F9: 0.2071427 | G9: 0.19984059 | H9: 0.20448391 | I9: 0.20407746 | J9: =F9-$E9 -> 0.0017637519 | K9: =G9-$E9 -> -0.0055383567 | L9: =H9-$E9 -> -0.00089503731 | M9: =I9-$E9 -> -0.0013014909 | N9: =ABS(J9)/ABS($E9) -> 0.008587793 | O9: =ABS(K9)/ABS($E9) -> 0.026966526 | P9: =ABS(L9)/ABS($E9) -> 0.0043579798 | Q9: =ABS(M9)/ABS($E9) -> 0.0063370218
A10: 3 | B10: 1 | C10: 10.5 | D10: 4.5 | E10: 0.095224732 | F10: 0.096726216 | G10: 0.089263763 | H10: 0.095355832 | I10: 0.094544667 | J10: =F10-$E10 -> 0.0015014838 | K10: =G10-$E10 -> -0.0059609696 | L10: =H10-$E10 -> 0.00013109992 | M10: =I10-$E10 -> -0.00068006502 | N10: =ABS(J10)/ABS($E10) -> 0.015767792 | O10: =ABS(K10)/ABS($E10) -> 0.062598964 | P10: =ABS(L10)/ABS($E10) -> 0.0013767423 | Q10: =ABS(M10)/ABS($E10) -> 0.0071416848
A11: 4 | B11: 1 | C11: 13.5 | D11: 4.5 | E11: 0.028027341 | F11: 0.027643765 | G11: 0.026070102 | H11: 0.026221385 | I11: 0.027295938 | J11: =F11-$E11 -> -0.00038357605 | K11: =G11-$E11 -> -0.0019572395 | L11: =H11-$E11 -> -0.001805956 | M11: =I11-$E11 -> -0.00073140355 | N11: =ABS(J11)/ABS($E11) -> 0.013685781 | O11: =ABS(K11)/ABS($E11) -> 0.069833222 | P11: =ABS(L11)/ABS($E11) -> 0.064435508 | Q11: =ABS(M11)/ABS($E11) -> 0.026096074
A12: 0 | B12: 2 | C12: 1.5 | D12: 7.5 | E12: 0.80147112 | F12: 0.79227289 | G12: 0.78372379 | H12: 0.79700433 | I12: 0.79249911 | J12: =F12-$E12 -> -0.0091982314 | K12: =G12-$E12 -> -0.017747327 | L12: =H12-$E12 -> -0.0044667938 | M12: =I12-$E12 -> -0.0089720116 | N12: =ABS(J12)/ABS($E12) -> 0.011476685 | O12: =ABS(K12)/ABS($E12) -> 0.022143439 | P12: =ABS(L12)/ABS($E12) -> 0.0055732436 | Q12: =ABS(M12)/ABS($E12) -> 0.011194429
A13: 1 | B13: 2 | C13: 4.5 | D13: 7.5 | E13: 0.46678691 | F13: 0.46065864 | G13: 0.46119246 | H13: 0.462643 | I13: 0.45940098 | J13: =F13-$E13 -> -0.0061282655 | K13: =G13-$E13 -> -0.005594447 | L13: =H13-$E13 -> -0.0041439106 | M13: =I13-$E13 -> -0.0073859321 | N13: =ABS(J13)/ABS($E13) -> 0.013128615 | O13: =ABS(K13)/ABS($E13) -> 0.011985013 | P13: =ABS(L13)/ABS($E13) -> 0.0088775211 | Q13: =ABS(M13)/ABS($E13) -> 0.01582292
... A26: 4 | B26: 4 | C26: 13.5 | D26: 13.5 | E26: 0.010606723 | F26: 0.010467836 | G26: 0.0093589385 | H26: 0.0095067711 | I26: 0.010354493 | J26: =F26-$E26 -> -0.00013888664 | K26: =G26-$E26 -> -0.0012477843 | L26: =H26-$E26 -> -0.0010999517 | M26: =I26-$E26 -> -0.0002522302 | N26: =ABS(J26)/ABS($E26) -> 0.013094209 | O26: =ABS(K26)/ABS($E26) -> 0.11764089 | P26: =ABS(L26)/ABS($E26) -> 0.10370325 | Q26: =ABS(M26)/ABS($E26) -> 0.02378022

Sheet P3 desvio
A1: i | B1: j | C1: x (m) | D1: y (m) | E1: Fina | F1: Sem compressão | G1: DA 25 indep. | H1: DA 1000 indep. | I1: DA 1000 cópula | J1: Erro abs. Sem compressão | K1: Erro abs. DA 25 indep. | L1: Erro abs. DA 1000 indep. | M1: Erro abs. DA 1000 cópula | N1: Erro rel. Sem compressão | O1: Erro rel. DA 25 indep. | P1: Erro rel. DA 1000 indep. | Q1: Erro rel. DA 1000 cópula
A2: 0 | B2: 0 | C2: 1.5 | D2: 1.5 | E2: 0.075157139 | F2: 0.039053563 | G2: 0.1614422 | H2: 0.16106617 | I2: 0.04276983 | J2: =F2-$E2 -> -0.036103576 | K2: =G2-$E2 -> 0.086285061 | L2: =H2-$E2 -> 0.08590903 | M2: =I2-$E2 -> -0.032387309 | N2: =ABS(J2)/ABS($E2) -> 0.48037454 | O2: =ABS(K2)/ABS($E2) -> 1.1480621 | P2: =ABS(L2)/ABS($E2) -> 1.1430588 | Q2: =ABS(M2)/ABS($E2) -> 0.43092792
A3: 1 | B3: 0 | C3: 4.5 | D3: 1.5 | E3: 0.073410569 | F3: 0.055365031 | G3: 0.10227183 | H3: 0.089049926 | I3: 0.055368583 | J3: =F3-$E3 -> -0.018045537 | K3: =G3-$E3 -> 0.028861258 | L3: =H3-$E3 -> 0.015639358 | M3: =I3-$E3 -> -0.018041985 | N3: =ABS(J3)/ABS($E3) -> 0.24581661 | O3: =ABS(K3)/ABS($E3) -> 0.39314855 | P3: =ABS(L3)/ABS($E3) -> 0.21303959 | Q3: =ABS(M3)/ABS($E3) -> 0.24576823
A4: 2 | B4: 0 | C4: 7.5 | D4: 1.5 | E4: 0.04290319 | F4: 0.034608251 | G4: 0.040811867 | H4: 0.039232987 | I4: 0.032518787 | J4: =F4-$E4 -> -0.008294939 | K4: =G4-$E4 -> -0.0020913234 | L4: =H4-$E4 -> -0.0036702031 | M4: =I4-$E4 -> -0.010384403 | N4: =ABS(J4)/ABS($E4) -> 0.19334084 | O4: =ABS(K4)/ABS($E4) -> 0.048745172 | P4: =ABS(L4)/ABS($E4) -> 0.085546157 | Q4: =ABS(M4)/ABS($E4) -> 0.24204269
A5: 3 | B5: 0 | C5: 10.5 | D5: 1.5 | E5: 0.022426781 | F5: 0.017795974 | G5: 0.013480844 | H5: 0.018327068 | I5: 0.01649654 | J5: =F5-$E5 -> -0.0046308071 | K5: =G5-$E5 -> -0.0089459369 | L5: =H5-$E5 -> -0.0040997132 | M5: =I5-$E5 -> -0.0059302405 | N5: =ABS(J5)/ABS($E5) -> 0.20648559 | O5: =ABS(K5)/ABS($E5) -> 0.39889527 | P5: =ABS(L5)/ABS($E5) -> 0.18280435 | Q5: =ABS(M5)/ABS($E5) -> 0.26442674
A6: 4 | B6: 0 | C6: 13.5 | D6: 1.5 | E6: 0.0079277981 | F6: 0.005881997 | G6: 0.0039788229 | H6: 0.0053070073 | I6: 0.0054609119 | J6: =F6-$E6 -> -0.0020458011 | K6: =G6-$E6 -> -0.0039489752 | L6: =H6-$E6 -> -0.0026207908 | M6: =I6-$E6 -> -0.0024668862 | N6: =ABS(J6)/ABS($E6) -> 0.25805414 | O6: =ABS(K6)/ABS($E6) -> 0.49811753 | P6: =ABS(L6)/ABS($E6) -> 0.33058244 | Q6: =ABS(M6)/ABS($E6) -> 0.31116915
A7: 0 | B7: 1 | C7: 1.5 | D7: 4.5 | E7: 0.084343581 | F7: 0.066100413 | G7: 0.12323904 | H7: 0.096494499 | I7: 0.06908364 | J7: =F7-$E7 -> -0.018243168 | K7: =G7-$E7 -> 0.038895456 | L7: =H7-$E7 -> 0.012150918 | M7: =I7-$E7 -> -0.015259941 | N7: =ABS(J7)/ABS($E7) -> 0.21629587 | O7: =ABS(K7)/ABS($E7) -> 0.4611549 | P7: =ABS(L7)/ABS($E7) -> 0.14406452 | Q7: =ABS(M7)/ABS($E7) -> 0.18092593
A8: 1 | B8: 1 | C8: 4.5 | D8: 4.5 | E8: 0.12051208 | F8: 0.10142332 | G8: 0.1159998 | H8: 0.10459245 | I8: 0.10445997 | J8: =F8-$E8 -> -0.019088756 | K8: =G8-$E8 -> -0.004512274 | L8: =H8-$E8 -> -0.015919629 | M8: =I8-$E8 -> -0.016052109 | N8: =ABS(J8)/ABS($E8) -> 0.15839704 | O8: =ABS(K8)/ABS($E8) -> 0.037442505 | P8: =ABS(L8)/ABS($E8) -> 0.13209986 | Q8: =ABS(M8)/ABS($E8) -> 0.13319917
A9: 2 | B9: 1 | C9: 7.5 | D9: 4.5 | E9: 0.0865331 | F9: 0.075370962 | G9: 0.057307912 | H9: 0.067252535 | I9: 0.072780446 | J9: =F9-$E9 -> -0.011162139 | K9: =G9-$E9 -> -0.029225188 | L9: =H9-$E9 -> -0.019280565 | M9: =I9-$E9 -> -0.013752654 | N9: =ABS(J9)/ABS($E9) -> 0.1289927 | O9: =ABS(K9)/ABS($E9) -> 0.33773421 | P9: =ABS(L9)/ABS($E9) -> 0.22281144 | Q9: =ABS(M9)/ABS($E9) -> 0.1589294
A10: 3 | B10: 1 | C10: 10.5 | D10: 4.5 | E10: 0.049088663 | F10: 0.043082134 | G10: 0.032984191 | H10: 0.038582176 | I10: 0.040375854 | J10: =F10-$E10 -> -0.0060065285 | K10: =G10-$E10 -> -0.016104472 | L10: =H10-$E10 -> -0.010506487 | M10: =I10-$E10 -> -0.0087128083 | N10: =ABS(J10)/ABS($E10) -> 0.12236081 | O10: =ABS(K10)/ABS($E10) -> 0.32806906 | P10: =ABS(L10)/ABS($E10) -> 0.21403082 | Q10: =ABS(M10)/ABS($E10) -> 0.17749125
A11: 4 | B11: 1 | C11: 13.5 | D11: 4.5 | E11: 0.018031693 | F11: 0.014962601 | G11: 0.013248237 | H11: 0.013319594 | I11: 0.014350178 | J11: =F11-$E11 -> -0.0030690918 | K11: =G11-$E11 -> -0.0047834559 | L11: =H11-$E11 -> -0.0047120987 | M11: =I11-$E11 -> -0.0036815145 | N11: =ABS(J11)/ABS($E11) -> 0.17020542 | O11: =ABS(K11)/ABS($E11) -> 0.26528047 | P11: =ABS(L11)/ABS($E11) -> 0.26132315 | Q11: =ABS(M11)/ABS($E11) -> 0.2041691
A12: 0 | B12: 2 | C12: 1.5 | D12: 7.5 | E12: 0.074295149 | F12: 0.061785204 | G12: 0.071414915 | H12: 0.074213765 | I12: 0.063698766 | J12: =F12-$E12 -> -0.012509945 | K12: =G12-$E12 -> -0.0028802344 | L12: =H12-$E12 -> -8.1383747e-05 | M12: =I12-$E12 -> -0.010596383 | N12: =ABS(J12)/ABS($E12) -> 0.16838172 | O12: =ABS(K12)/ABS($E12) -> 0.038767463 | P12: =ABS(L12)/ABS($E12) -> 0.0010954113 | Q12: =ABS(M12)/ABS($E12) -> 0.14262551
A13: 1 | B13: 2 | C13: 4.5 | D13: 7.5 | E13: 0.12077962 | F13: 0.10520723 | G13: 0.10076132 | H13: 0.09861087 | I13: 0.10868342 | J13: =F13-$E13 -> -0.015572395 | K13: =G13-$E13 -> -0.020018304 | L13: =H13-$E13 -> -0.022168755 | M13: =I13-$E13 -> -0.0120962 | N13: =ABS(J13)/ABS($E13) -> 0.1289323 | O13: =ABS(K13)/ABS($E13) -> 0.16574239 | P13: =ABS(L13)/ABS($E13) -> 0.18354714 | Q13: =ABS(M13)/ABS($E13) -> 0.100151
... A26: 4 | B26: 4 | C26: 13.5 | D26: 13.5 | E26: 0.0072446956 | F26: 0.0056875993 | G26: 0.0051628482 | H26: 0.0058646023 | I26: 0.0056810972 | J26: =F26-$E26 -> -0.0015570963 | K26: =G26-$E26 -> -0.0020818473 | L26: =H26-$E26 -> -0.0013800933 | M26: =I26-$E26 -> -0.0015635984 | N26: =ABS(J26)/ABS($E26) -> 0.21492915 | O26: =ABS(K26)/ABS($E26) -> 0.2873616 | P26: =ABS(L26)/ABS($E26) -> 0.19049707 | Q26: =ABS(M26)/ABS($E26) -> 0.21582665
